{"pop": {"mu": 0.011105, "lam": 0.007980000000000001}, "mig": {"mode_abs": false, "nu": 0.0069524999999999995, "mh": 1, "ml": 0, "mb": 0}, "s": {"sHB": 0, "sBH": 0, "sLB": 0, "sLH": 0}, "a": {"aHB": 0, "aLB": 0, "aBH": 0, "aBL": 0}, "C": {"C1": 0.5, "C2": 0}, "q": {"H": [0.749, 0.104, 0, 0, 0.074], "L": [0, 0, 1, 1, 0], "B": [0.251, 0.896, 0, 0, 0.926]}}
